<?xml version="1.0" encoding="ISO-8859-1"?>
<!-- $This file is distributed under the terms of the license in LICENSE$ -->

<!-- See guidelines at https://wiki.lyrasis.org/display/VIVODOC112x/Custom+List+View+Configurations -->

<list-view-config>
    <query-select>
        PREFIX rdfs: &lt;http://www.w3.org/2000/01/rdf-schema#&gt;
        PREFIX core: &lt;http://vivoweb.org/ontology/core#&gt;
        PREFIX bibo: &lt;http://purl.org/ontology/bibo/&gt;
        PREFIX vitro: &lt;http://vitro.mannlib.cornell.edu/ns/vitro/0.7#&gt;
        PREFIX foaf: &lt;http://xmlns.com/foaf/0.1/&gt;

        SELECT DISTINCT ?subclass
            ?authorship
            ?infoResource ?infoResourceName
            ?dateTime
            ?journal
            ?volume
            ?startPage
            ?endPage
            ?doi
            ?pmid
            ?isbn10
            ?isbn13
            ?publisher
            ?locale
            ?appearsIn
            ?partOf
            ?editor
            ?hideThis
        WHERE
        {
            ?subject ?property ?authorship .
            ?authorship a core:Authorship ;
                core:relates ?infoResource .
            ?infoResource a &lt;http://purl.obolibrary.org/obo/IAO_0000030&gt; ;
                rdfs:label ?infoResourceName .
            OPTIONAL {
                <precise-subquery>?subject ?property ?authorship .
                ?authorship a core:Authorship ;
                    core:relates ?infoResource .
                ?infoResource a &lt;http://purl.obolibrary.org/obo/IAO_0000030&gt; .</precise-subquery>
                ?infoResource vitro:mostSpecificType ?subclass .
            }
            OPTIONAL {
                <precise-subquery>?subject ?property ?authorship .
                ?authorship a core:Authorship ;
                    core:relates ?infoResource .
                ?infoResource a &lt;http://purl.obolibrary.org/obo/IAO_0000030&gt; .</precise-subquery>
                ?infoResource bibo:volume ?volume .
            }
            OPTIONAL {
                <precise-subquery>?subject ?property ?authorship .
                ?authorship a core:Authorship ;
                    core:relates ?infoResource .
                ?infoResource a &lt;http://purl.obolibrary.org/obo/IAO_0000030&gt; .</precise-subquery>
                ?infoResource bibo:pageStart ?startPage .
            }
            OPTIONAL {
                <precise-subquery>?subject ?property ?authorship .
                ?authorship a core:Authorship ;
                    core:relates ?infoResource .
                ?infoResource a &lt;http://purl.obolibrary.org/obo/IAO_0000030&gt; .</precise-subquery>
                ?infoResource bibo:pageEnd ?endPage .
            }
            OPTIONAL {
                <precise-subquery>?subject ?property ?authorship .
                ?authorship a core:Authorship ;
                    core:relates ?infoResource .
                ?infoResource a &lt;http://purl.obolibrary.org/obo/IAO_0000030&gt; .</precise-subquery>
                ?infoResource bibo:doi ?doi .
            }
            OPTIONAL {
                <precise-subquery>?subject ?property ?authorship .
                ?authorship a core:Authorship ;
                    core:relates ?infoResource .
                ?infoResource a &lt;http://purl.obolibrary.org/obo/IAO_0000030&gt; .</precise-subquery>
                ?infoResource bibo:pmid ?pmid .
            }
            OPTIONAL {
                <precise-subquery>?subject ?property ?authorship .
                ?authorship a core:Authorship ;
                    core:relates ?infoResource .
                ?infoResource a &lt;http://purl.obolibrary.org/obo/IAO_0000030&gt; .</precise-subquery>
                ?infoResource bibo:isbn10 ?isbn10 .
            }
            OPTIONAL {
                <precise-subquery>?subject ?property ?authorship .
                ?authorship a core:Authorship ;
                    core:relates ?infoResource .
                ?infoResource a &lt;http://purl.obolibrary.org/obo/IAO_0000030&gt; .</precise-subquery>
                ?infoResource bibo:isbn13 ?isbn13 .
            }
            OPTIONAL {
                <precise-subquery>?subject ?property ?authorship .
                ?authorship a core:Authorship ;
                    core:relates ?infoResource .
                ?infoResource a &lt;http://purl.obolibrary.org/obo/IAO_0000030&gt; .</precise-subquery>
                ?infoResource bibo:oclc ?oclc .
            }
            OPTIONAL {
                <precise-subquery>?subject ?property ?authorship .
                ?authorship a core:Authorship ;
                    core:relates ?infoResource .
                ?infoResource a &lt;http://purl.obolibrary.org/obo/IAO_0000030&gt; .</precise-subquery>
                ?infoResource core:placeOfPublication ?locale .
            }
            OPTIONAL {
                <precise-subquery>?subject ?property ?authorship .
                ?authorship a core:Authorship ;
                    core:relates ?infoResource .
                ?infoResource a &lt;http://purl.obolibrary.org/obo/IAO_0000030&gt; .</precise-subquery>
                ?infoResource bibo:reproducedIn ?appearsInObj .
                ?appearsInObj rdfs:label ?appearsIn .
            }
            OPTIONAL {
                <precise-subquery>?subject ?property ?authorship .
                ?authorship a core:Authorship ;
                    core:relates ?infoResource .
                ?infoResource a &lt;http://purl.obolibrary.org/obo/IAO_0000030&gt; .</precise-subquery>
                ?infoResource core:publisher ?publisherObj .
                ?publisherObj rdfs:label ?publisher .
            }
            OPTIONAL {
                <precise-subquery>?subject ?property ?authorship .
                ?authorship a core:Authorship ;
                    core:relates ?infoResource .
                ?infoResource a &lt;http://purl.obolibrary.org/obo/IAO_0000030&gt; .</precise-subquery>
                ?infoResource &lt;http://purl.obolibrary.org/obo/BFO_0000050&gt; ?partOfObj .
                ?partOfObj rdfs:label ?partOf .
            }
            OPTIONAL {
                <precise-subquery>?subject ?property ?authorship .
                ?authorship a core:Authorship ;
                    core:relates ?infoResource .
                ?infoResource a &lt;http://purl.obolibrary.org/obo/IAO_0000030&gt; .</precise-subquery>
                ?infoResource core:hasPublicationVenue ?publishedIn .
                ?publishedIn  rdfs:label ?journal .
            }
            OPTIONAL {
                <precise-subquery>?subject ?property ?authorship .
                ?authorship a core:Authorship ;
                    core:relates ?infoResource .
                ?infoResource a &lt;http://purl.obolibrary.org/obo/IAO_0000030&gt; .</precise-subquery>
                ?infoResource core:dateTimeValue ?dateTimeValue .
                ?dateTimeValue core:dateTime ?dateTime .
            }
            OPTIONAL {
                <precise-subquery>?subject ?property ?authorship .
                ?authorship a core:Authorship ;
                    core:relates ?infoResource .
                ?infoResource a &lt;http://purl.obolibrary.org/obo/IAO_0000030&gt; .</precise-subquery>
                ?infoResource core:relatedBy ?editorship .
                ?editorship a core:Editorship .
                ?editorship core:relates ?editorObj .
                ?editorObj a foaf:Person .
                ?editorObj rdfs:label ?editor .
            }
            OPTIONAL {
                <precise-subquery>?subject ?property ?authorship .
                ?authorship a core:Authorship .</precise-subquery>
                ?authorship core:hideFromDisplay ?hideThis .
            }
        } ORDER BY ?subclass  DESC(?dateTime) ?infoResourceName
    </query-select>

    <template>propStatement-authorInAuthorship.ftl</template>
</list-view-config>
