<?xml version="1.0" encoding="ISO-8859-1"?>
<!-- $This file is distributed under the terms of the license in LICENSE$ -->

<!-- See guidelines at https://wiki.lyrasis.org/display/VIVODOC112x/Custom+List+View+Configurations -->

<list-view-config>
    <query-select>
        PREFIX vcard: &lt;http://www.w3.org/2006/vcard/ns#&gt;

        SELECT DISTINCT ?vcard ?phone
                        ?number
        WHERE {
            ?subject ?property ?vcard .
            ?vcard vcard:hasTelephone ?phone .
            ?phone vcard:telephone ?number .
            MINUS {
                <precise-subquery>?subject ?property ?vcard .
                ?vcard vcard:hasTelephone ?phone .</precise-subquery>
                ?phone a vcard:Fax .
            }
        }
    </query-select>

    <template>propStatement-phoneFaxNumber.ftl</template>
    <postprocessor>edu.cornell.mannlib.vitro.webapp.web.templatemodels.individual.MaintainDuplicatesObjectPropertyDataPostProcessor</postprocessor>
</list-view-config>
