<?xml version="1.0" encoding="UTF-8"?>
<!DOCTYPE suppressions PUBLIC
        "-//Puppy Crawl//DTD Suppressions 1.2//EN"
        "http://checkstyle.sourceforge.net/dtds/suppressions_1_2.dtd">
<suppressions>
    <suppress files="src[\\/]main[\\/]java[\\/]edu[\\/]cornell[\\/]mannlib[\\/]semservices[\\/]service[\\/]impl[\\/]AgrovocService\.java" checks="."/>
    <suppress files="src[\\/]main[\\/]java[\\/]edu[\\/]cornell[\\/]mannlib[\\/]semservices[\\/]service[\\/]impl[\\/]GemetService\.java" checks="."/>
    <suppress files="src[\\/]main[\\/]java[\\/]edu[\\/]cornell[\\/]mannlib[\\/]semservices[\\/]service[\\/]impl[\\/]LCSHService\.java" checks="."/>
    <suppress files="src[\\/]main[\\/]java[\\/]edu[\\/]cornell[\\/]mannlib[\\/]semservices[\\/]service[\\/]impl[\\/]UMLSService\.java" checks="."/>
    <suppress files="src[\\/]main[\\/]java[\\/]edu[\\/]cornell[\\/]mannlib[\\/]vitro[\\/]webapp[\\/]controller[\\/]ExportQrCodeController\.java" checks="."/>
    <suppress files="src[\\/]main[\\/]java[\\/]edu[\\/]cornell[\\/]mannlib[\\/]vitro[\\/]webapp[\\/]controller[\\/]ajax[\\/]GeoFocusMapLocations\.java" checks="."/>
    <suppress files="src[\\/]main[\\/]java[\\/]edu[\\/]cornell[\\/]mannlib[\\/]vitro[\\/]webapp[\\/]controller[\\/]ajax[\\/]GeoFocusResearcherCount\.java" checks="."/>
    <suppress files="src[\\/]main[\\/]java[\\/]edu[\\/]cornell[\\/]mannlib[\\/]vitro[\\/]webapp[\\/]controller[\\/]ajax[\\/]HomePageAjaxController\.java" checks="."/>
    <suppress files="src[\\/]main[\\/]java[\\/]edu[\\/]cornell[\\/]mannlib[\\/]vitro[\\/]webapp[\\/]controller[\\/]ajax[\\/]QrCodeAjaxController\.java" checks="."/>
    <suppress files="src[\\/]main[\\/]java[\\/]edu[\\/]cornell[\\/]mannlib[\\/]vitro[\\/]webapp[\\/]controller[\\/]ajax[\\/]QrCodeDetails\.java" checks="."/>
    <suppress files="src[\\/]main[\\/]java[\\/]edu[\\/]cornell[\\/]mannlib[\\/]vitro[\\/]webapp[\\/]controller[\\/]freemarker[\\/]InstitutionalInternalClassController\.java" checks="."/>
    <suppress files="src[\\/]main[\\/]java[\\/]edu[\\/]cornell[\\/]mannlib[\\/]vitro[\\/]webapp[\\/]controller[\\/]freemarker[\\/]ManageGrantsForIndividualController\.java" checks="."/>
    <suppress files="src[\\/]main[\\/]java[\\/]edu[\\/]cornell[\\/]mannlib[\\/]vitro[\\/]webapp[\\/]controller[\\/]freemarker[\\/]ManagePeopleForOrganizationController\.java" checks="."/>
    <suppress files="src[\\/]main[\\/]java[\\/]edu[\\/]cornell[\\/]mannlib[\\/]vitro[\\/]webapp[\\/]controller[\\/]freemarker[\\/]ManagePublicationsForIndividualController\.java" checks="."/>
    <suppress files="src[\\/]main[\\/]java[\\/]edu[\\/]cornell[\\/]mannlib[\\/]vitro[\\/]webapp[\\/]controller[\\/]harvester[\\/]CsvFileHarvestJob\.java" checks="."/>
    <suppress files="src[\\/]main[\\/]java[\\/]edu[\\/]cornell[\\/]mannlib[\\/]vitro[\\/]webapp[\\/]controller[\\/]harvester[\\/]FileHarvestController\.java" checks="."/>
    <suppress files="src[\\/]main[\\/]java[\\/]edu[\\/]cornell[\\/]mannlib[\\/]vitro[\\/]webapp[\\/]controller[\\/]harvester[\\/]FileHarvestJob\.java" checks="."/>
    <suppress files="src[\\/]main[\\/]java[\\/]edu[\\/]cornell[\\/]mannlib[\\/]vitro[\\/]webapp[\\/]controller[\\/]harvester[\\/]Harvester\.java" checks="."/>
    <suppress files="src[\\/]main[\\/]java[\\/]edu[\\/]cornell[\\/]mannlib[\\/]vitro[\\/]webapp[\\/]controller[\\/]individual[\\/]VIVOIndividualResponseBuilderExtension\.java" checks="."/>
    <suppress files="src[\\/]main[\\/]java[\\/]edu[\\/]cornell[\\/]mannlib[\\/]vitro[\\/]webapp[\\/]controller[\\/]visualization[\\/]AjaxVisualizationController\.java" checks="."/>
    <suppress files="src[\\/]main[\\/]java[\\/]edu[\\/]cornell[\\/]mannlib[\\/]vitro[\\/]webapp[\\/]controller[\\/]visualization[\\/]DataVisualizationController\.java" checks="."/>
    <suppress files="src[\\/]main[\\/]java[\\/]edu[\\/]cornell[\\/]mannlib[\\/]vitro[\\/]webapp[\\/]controller[\\/]visualization[\\/]ShortURLVisualizationController\.java" checks="."/>
    <suppress files="src[\\/]main[\\/]java[\\/]edu[\\/]cornell[\\/]mannlib[\\/]vitro[\\/]webapp[\\/]controller[\\/]visualization[\\/]StandardVisualizationController\.java" checks="."/>
    <suppress files="src[\\/]main[\\/]java[\\/]edu[\\/]cornell[\\/]mannlib[\\/]vitro[\\/]webapp[\\/]controller[\\/]visualization[\\/]VisualizationFrameworkConstants\.java" checks="."/>
    <suppress files="src[\\/]main[\\/]java[\\/]edu[\\/]cornell[\\/]mannlib[\\/]vitro[\\/]webapp[\\/]controller[\\/]visualization[\\/]VisualizationsDependencyInjector\.java" checks="."/>
    <suppress files="src[\\/]main[\\/]java[\\/]edu[\\/]cornell[\\/]mannlib[\\/]vitro[\\/]webapp[\\/]edit[\\/]n3editing[\\/]AutocompleteRequiredInputValidator\.java" checks="."/>
    <suppress files="src[\\/]main[\\/]java[\\/]edu[\\/]cornell[\\/]mannlib[\\/]vitro[\\/]webapp[\\/]edit[\\/]n3editing[\\/]FirstAndLastNameValidator\.java" checks="."/>
    <suppress files="src[\\/]main[\\/]java[\\/]edu[\\/]cornell[\\/]mannlib[\\/]vitro[\\/]webapp[\\/]edit[\\/]n3editing[\\/]N3TransitionToV2Mapping\.java" checks="."/>
    <suppress files="src[\\/]main[\\/]java[\\/]edu[\\/]cornell[\\/]mannlib[\\/]vitro[\\/]webapp[\\/]edit[\\/]n3editing[\\/]PersonHasPublicationValidator\.java" checks="."/>
    <suppress files="src[\\/]main[\\/]java[\\/]edu[\\/]cornell[\\/]mannlib[\\/]vitro[\\/]webapp[\\/]edit[\\/]n3editing[\\/]PublicationHasAuthorValidator\.java" checks="."/>
    <suppress files="src[\\/]main[\\/]java[\\/]edu[\\/]cornell[\\/]mannlib[\\/]vitro[\\/]webapp[\\/]edit[\\/]n3editing[\\/]configuration[\\/]generators[\\/]AddAssociatedConceptGenerator\.java" checks="."/>
    <suppress files="src[\\/]main[\\/]java[\\/]edu[\\/]cornell[\\/]mannlib[\\/]vitro[\\/]webapp[\\/]edit[\\/]n3editing[\\/]configuration[\\/]generators[\\/]AddAttendeeRoleToPersonGenerator\.java" checks="."/>
    <suppress files="src[\\/]main[\\/]java[\\/]edu[\\/]cornell[\\/]mannlib[\\/]vitro[\\/]webapp[\\/]edit[\\/]n3editing[\\/]configuration[\\/]generators[\\/]AddAuthorsToInformationResourceGenerator\.java" checks="."/>
    <suppress files="src[\\/]main[\\/]java[\\/]edu[\\/]cornell[\\/]mannlib[\\/]vitro[\\/]webapp[\\/]edit[\\/]n3editing[\\/]configuration[\\/]generators[\\/]AddClinicalRoleToPersonGenerator\.java" checks="."/>
    <suppress files="src[\\/]main[\\/]java[\\/]edu[\\/]cornell[\\/]mannlib[\\/]vitro[\\/]webapp[\\/]edit[\\/]n3editing[\\/]configuration[\\/]generators[\\/]AddConceptThroughObjectPropertyGenerator\.java" checks="."/>
    <suppress files="src[\\/]main[\\/]java[\\/]edu[\\/]cornell[\\/]mannlib[\\/]vitro[\\/]webapp[\\/]edit[\\/]n3editing[\\/]configuration[\\/]generators[\\/]AddEditorRoleToPersonGenerator\.java" checks="."/>
    <suppress files="src[\\/]main[\\/]java[\\/]edu[\\/]cornell[\\/]mannlib[\\/]vitro[\\/]webapp[\\/]edit[\\/]n3editing[\\/]configuration[\\/]generators[\\/]AddEditorshipToPersonGenerator\.java" checks="."/>
    <suppress files="src[\\/]main[\\/]java[\\/]edu[\\/]cornell[\\/]mannlib[\\/]vitro[\\/]webapp[\\/]edit[\\/]n3editing[\\/]configuration[\\/]generators[\\/]AddEditorsToInformationResourceGenerator\.java" checks="."/>
    <suppress files="src[\\/]main[\\/]java[\\/]edu[\\/]cornell[\\/]mannlib[\\/]vitro[\\/]webapp[\\/]edit[\\/]n3editing[\\/]configuration[\\/]generators[\\/]AddEditWebpageFormGenerator\.java" checks="."/>
    <suppress files="src[\\/]main[\\/]java[\\/]edu[\\/]cornell[\\/]mannlib[\\/]vitro[\\/]webapp[\\/]edit[\\/]n3editing[\\/]configuration[\\/]generators[\\/]AddFullNameToPersonGenerator\.java" checks="."/>
    <suppress files="src[\\/]main[\\/]java[\\/]edu[\\/]cornell[\\/]mannlib[\\/]vitro[\\/]webapp[\\/]edit[\\/]n3editing[\\/]configuration[\\/]generators[\\/]AddGrantRoleToPersonGenerator\.java" checks="."/>
    <suppress files="src[\\/]main[\\/]java[\\/]edu[\\/]cornell[\\/]mannlib[\\/]vitro[\\/]webapp[\\/]edit[\\/]n3editing[\\/]configuration[\\/]generators[\\/]AddHeadOfRoleToPersonGenerator\.java" checks="."/>
    <suppress files="src[\\/]main[\\/]java[\\/]edu[\\/]cornell[\\/]mannlib[\\/]vitro[\\/]webapp[\\/]edit[\\/]n3editing[\\/]configuration[\\/]generators[\\/]AddMemberRoleToPersonGenerator\.java" checks="."/>
    <suppress files="src[\\/]main[\\/]java[\\/]edu[\\/]cornell[\\/]mannlib[\\/]vitro[\\/]webapp[\\/]edit[\\/]n3editing[\\/]configuration[\\/]generators[\\/]AddOrcidIdToPersonGenerator\.java" checks="."/>
    <suppress files="src[\\/]main[\\/]java[\\/]edu[\\/]cornell[\\/]mannlib[\\/]vitro[\\/]webapp[\\/]edit[\\/]n3editing[\\/]configuration[\\/]generators[\\/]AddOrganizerRoleToPersonGenerator\.java" checks="."/>
    <suppress files="src[\\/]main[\\/]java[\\/]edu[\\/]cornell[\\/]mannlib[\\/]vitro[\\/]webapp[\\/]edit[\\/]n3editing[\\/]configuration[\\/]generators[\\/]AddOutreachProviderRoleToPersonGenerator\.java" checks="."/>
    <suppress files="src[\\/]main[\\/]java[\\/]edu[\\/]cornell[\\/]mannlib[\\/]vitro[\\/]webapp[\\/]edit[\\/]n3editing[\\/]configuration[\\/]generators[\\/]AddPresenterRoleToPersonGenerator\.java" checks="."/>
    <suppress files="src[\\/]main[\\/]java[\\/]edu[\\/]cornell[\\/]mannlib[\\/]vitro[\\/]webapp[\\/]edit[\\/]n3editing[\\/]configuration[\\/]generators[\\/]AddPublicationToPersonGenerator\.java" checks="."/>
    <suppress files="src[\\/]main[\\/]java[\\/]edu[\\/]cornell[\\/]mannlib[\\/]vitro[\\/]webapp[\\/]edit[\\/]n3editing[\\/]configuration[\\/]generators[\\/]AddResearcherRoleToPersonGenerator\.java" checks="."/>
    <suppress files="src[\\/]main[\\/]java[\\/]edu[\\/]cornell[\\/]mannlib[\\/]vitro[\\/]webapp[\\/]edit[\\/]n3editing[\\/]configuration[\\/]generators[\\/]AddReviewerRoleToPersonGenerator\.java" checks="."/>
    <suppress files="src[\\/]main[\\/]java[\\/]edu[\\/]cornell[\\/]mannlib[\\/]vitro[\\/]webapp[\\/]edit[\\/]n3editing[\\/]configuration[\\/]generators[\\/]AddRoleToPersonTwoStageGenerator\.java" checks="."/>
    <suppress files="src[\\/]main[\\/]java[\\/]edu[\\/]cornell[\\/]mannlib[\\/]vitro[\\/]webapp[\\/]edit[\\/]n3editing[\\/]configuration[\\/]generators[\\/]AddServiceProviderRoleToPersonGenerator\.java" checks="."/>
    <suppress files="src[\\/]main[\\/]java[\\/]edu[\\/]cornell[\\/]mannlib[\\/]vitro[\\/]webapp[\\/]edit[\\/]n3editing[\\/]configuration[\\/]generators[\\/]AddTeacherRoleToPersonGenerator\.java" checks="."/>
    <suppress files="src[\\/]main[\\/]java[\\/]edu[\\/]cornell[\\/]mannlib[\\/]vitro[\\/]webapp[\\/]edit[\\/]n3editing[\\/]configuration[\\/]generators[\\/]AddUserDefinedConceptGenerator\.java" checks="."/>
    <suppress files="src[\\/]main[\\/]java[\\/]edu[\\/]cornell[\\/]mannlib[\\/]vitro[\\/]webapp[\\/]edit[\\/]n3editing[\\/]configuration[\\/]generators[\\/]AutocompleteDataPropertyFormGenerator\.java" checks="."/>
    <suppress files="src[\\/]main[\\/]java[\\/]edu[\\/]cornell[\\/]mannlib[\\/]vitro[\\/]webapp[\\/]edit[\\/]n3editing[\\/]configuration[\\/]generators[\\/]GeneratorUtil\.java" checks="."/>
    <suppress files="src[\\/]main[\\/]java[\\/]edu[\\/]cornell[\\/]mannlib[\\/]vitro[\\/]webapp[\\/]edit[\\/]n3editing[\\/]configuration[\\/]generators[\\/]GrantAdministeredByGenerator\.java" checks="."/>
    <suppress files="src[\\/]main[\\/]java[\\/]edu[\\/]cornell[\\/]mannlib[\\/]vitro[\\/]webapp[\\/]edit[\\/]n3editing[\\/]configuration[\\/]generators[\\/]GrantHasContributorGenerator\.java" checks="."/>
    <suppress files="src[\\/]main[\\/]java[\\/]edu[\\/]cornell[\\/]mannlib[\\/]vitro[\\/]webapp[\\/]edit[\\/]n3editing[\\/]configuration[\\/]generators[\\/]ManageLabelsForPersonGenerator\.java" checks="."/>
    <suppress files="src[\\/]main[\\/]java[\\/]edu[\\/]cornell[\\/]mannlib[\\/]vitro[\\/]webapp[\\/]edit[\\/]n3editing[\\/]configuration[\\/]generators[\\/]ManageWebpagesForIndividualGenerator\.java" checks="."/>
    <suppress files="src[\\/]main[\\/]java[\\/]edu[\\/]cornell[\\/]mannlib[\\/]vitro[\\/]webapp[\\/]edit[\\/]n3editing[\\/]configuration[\\/]generators[\\/]OrganizationAdministersGrantGenerator\.java" checks="."/>
    <suppress files="src[\\/]main[\\/]java[\\/]edu[\\/]cornell[\\/]mannlib[\\/]vitro[\\/]webapp[\\/]edit[\\/]n3editing[\\/]configuration[\\/]generators[\\/]OrganizationForTrainingGenerator\.java" checks="."/>
    <suppress files="src[\\/]main[\\/]java[\\/]edu[\\/]cornell[\\/]mannlib[\\/]vitro[\\/]webapp[\\/]edit[\\/]n3editing[\\/]configuration[\\/]generators[\\/]OrganizationHasPositionHistoryGenerator\.java" checks="."/>
    <suppress files="src[\\/]main[\\/]java[\\/]edu[\\/]cornell[\\/]mannlib[\\/]vitro[\\/]webapp[\\/]edit[\\/]n3editing[\\/]configuration[\\/]generators[\\/]PersonHasAdviseeRelationshipGenerator\.java" checks="."/>
    <suppress files="src[\\/]main[\\/]java[\\/]edu[\\/]cornell[\\/]mannlib[\\/]vitro[\\/]webapp[\\/]edit[\\/]n3editing[\\/]configuration[\\/]generators[\\/]PersonHasAdvisorRelationshipGenerator\.java" checks="."/>
    <suppress files="src[\\/]main[\\/]java[\\/]edu[\\/]cornell[\\/]mannlib[\\/]vitro[\\/]webapp[\\/]edit[\\/]n3editing[\\/]configuration[\\/]generators[\\/]PersonHasAwardOrHonorGenerator\.java" checks="."/>
    <suppress files="src[\\/]main[\\/]java[\\/]edu[\\/]cornell[\\/]mannlib[\\/]vitro[\\/]webapp[\\/]edit[\\/]n3editing[\\/]configuration[\\/]generators[\\/]PersonHasEducationalTraining\.java" checks="."/>
    <suppress files="src[\\/]main[\\/]java[\\/]edu[\\/]cornell[\\/]mannlib[\\/]vitro[\\/]webapp[\\/]edit[\\/]n3editing[\\/]configuration[\\/]generators[\\/]PersonHasEmailGenerator\.java" checks="."/>
    <suppress files="src[\\/]main[\\/]java[\\/]edu[\\/]cornell[\\/]mannlib[\\/]vitro[\\/]webapp[\\/]edit[\\/]n3editing[\\/]configuration[\\/]generators[\\/]PersonHasIssuedCredentialGenerator\.java" checks="."/>
    <suppress files="src[\\/]main[\\/]java[\\/]edu[\\/]cornell[\\/]mannlib[\\/]vitro[\\/]webapp[\\/]edit[\\/]n3editing[\\/]configuration[\\/]generators[\\/]PersonHasPositionHistoryGenerator\.java" checks="."/>
    <suppress files="src[\\/]main[\\/]java[\\/]edu[\\/]cornell[\\/]mannlib[\\/]vitro[\\/]webapp[\\/]edit[\\/]n3editing[\\/]configuration[\\/]generators[\\/]PersonHasPreferredTitleGenerator\.java" checks="."/>
    <suppress files="src[\\/]main[\\/]java[\\/]edu[\\/]cornell[\\/]mannlib[\\/]vitro[\\/]webapp[\\/]edit[\\/]n3editing[\\/]configuration[\\/]generators[\\/]ProjectHasParticipantGenerator\.java" checks="."/>
    <suppress files="src[\\/]main[\\/]java[\\/]edu[\\/]cornell[\\/]mannlib[\\/]vitro[\\/]webapp[\\/]edit[\\/]n3editing[\\/]configuration[\\/]generators[\\/]SubjectHasMailingAddressGenerator\.java" checks="."/>
    <suppress files="src[\\/]main[\\/]java[\\/]edu[\\/]cornell[\\/]mannlib[\\/]vitro[\\/]webapp[\\/]edit[\\/]n3editing[\\/]configuration[\\/]generators[\\/]SubjectHasPhoneFaxNumberGenerator\.java" checks="."/>
    <suppress files="src[\\/]main[\\/]java[\\/]edu[\\/]cornell[\\/]mannlib[\\/]vitro[\\/]webapp[\\/]edit[\\/]n3editing[\\/]configuration[\\/]generators[\\/]VivoBaseGenerator\.java" checks="."/>
    <suppress files="src[\\/]main[\\/]java[\\/]edu[\\/]cornell[\\/]mannlib[\\/]vitro[\\/]webapp[\\/]edit[\\/]n3editing[\\/]configuration[\\/]generators[\\/]VIVODefaultAddMissingIndividualFormGenerator\.java" checks="."/>
    <suppress files="src[\\/]main[\\/]java[\\/]edu[\\/]cornell[\\/]mannlib[\\/]vitro[\\/]webapp[\\/]edit[\\/]n3editing[\\/]configuration[\\/]generators[\\/]VIVOManageLabelsGenerator\.java" checks="."/>
    <suppress files="src[\\/]main[\\/]java[\\/]edu[\\/]cornell[\\/]mannlib[\\/]vitro[\\/]webapp[\\/]edit[\\/]n3editing[\\/]configuration[\\/]generators[\\/]VIVONewIndividualFormGenerator\.java" checks="."/>
    <suppress files="src[\\/]main[\\/]java[\\/]edu[\\/]cornell[\\/]mannlib[\\/]vitro[\\/]webapp[\\/]edit[\\/]n3editing[\\/]configuration[\\/]preprocessors[\\/]AddAssociatedConceptsPreprocessor\.java" checks="."/>
    <suppress files="src[\\/]main[\\/]java[\\/]edu[\\/]cornell[\\/]mannlib[\\/]vitro[\\/]webapp[\\/]edit[\\/]n3editing[\\/]configuration[\\/]preprocessors[\\/]ConceptSemanticTypesPreprocessor\.java" checks="."/>
    <suppress files="src[\\/]main[\\/]java[\\/]edu[\\/]cornell[\\/]mannlib[\\/]vitro[\\/]webapp[\\/]edit[\\/]n3editing[\\/]configuration[\\/]preprocessors[\\/]ManageLabelsForPersonPreprocessor\.java" checks="."/>
    <suppress files="src[\\/]main[\\/]java[\\/]edu[\\/]cornell[\\/]mannlib[\\/]vitro[\\/]webapp[\\/]edit[\\/]n3editing[\\/]configuration[\\/]preprocessors[\\/]RoleToActivityPredicatePreprocessor\.java" checks="."/>
    <suppress files="src[\\/]main[\\/]java[\\/]edu[\\/]cornell[\\/]mannlib[\\/]vitro[\\/]webapp[\\/]edit[\\/]n3editing[\\/]configuration[\\/]preprocessors[\\/]RoleToPredicatePreprocessor\.java" checks="."/>
    <suppress files="src[\\/]main[\\/]java[\\/]edu[\\/]cornell[\\/]mannlib[\\/]vitro[\\/]webapp[\\/]edit[\\/]n3editing[\\/]configuration[\\/]preprocessors[\\/]utils[\\/]ProcessInternalClassDataGetterN3\.java" checks="."/>
    <suppress files="src[\\/]main[\\/]java[\\/]edu[\\/]cornell[\\/]mannlib[\\/]vitro[\\/]webapp[\\/]search[\\/]controller[\\/]FedSearchController\.java" checks="."/>
    <suppress files="src[\\/]main[\\/]java[\\/]edu[\\/]cornell[\\/]mannlib[\\/]vitro[\\/]webapp[\\/]searchindex[\\/]documentBuilding[\\/]CalculateParameters\.java" checks="."/>
    <suppress files="src[\\/]main[\\/]java[\\/]edu[\\/]cornell[\\/]mannlib[\\/]vitro[\\/]webapp[\\/]searchindex[\\/]extensions[\\/]LabelsAcrossContextNodes\.java" checks="."/>
    <suppress files="src[\\/]main[\\/]java[\\/]edu[\\/]cornell[\\/]mannlib[\\/]vitro[\\/]webapp[\\/]servlet[\\/]ConceptSearchServlet\.java" checks="."/>
    <suppress files="src[\\/]main[\\/]java[\\/]edu[\\/]cornell[\\/]mannlib[\\/]vitro[\\/]webapp[\\/]utilities[\\/]Describe\.java" checks="."/>
    <suppress files="src[\\/]main[\\/]java[\\/]edu[\\/]cornell[\\/]mannlib[\\/]vitro[\\/]webapp[\\/]utils[\\/]ConceptSearchService[\\/]ConceptSearchServiceUtils\.java" checks="."/>
    <suppress files="src[\\/]main[\\/]java[\\/]edu[\\/]cornell[\\/]mannlib[\\/]vitro[\\/]webapp[\\/]utils[\\/]ConceptSearchService[\\/]VocabSourceDescription\.java" checks="."/>
    <suppress files="src[\\/]main[\\/]java[\\/]edu[\\/]cornell[\\/]mannlib[\\/]vitro[\\/]webapp[\\/]utils[\\/]dataGetter[\\/]InternalClassesDataGetter\.java" checks="."/>
    <suppress files="src[\\/]main[\\/]java[\\/]edu[\\/]cornell[\\/]mannlib[\\/]vitro[\\/]webapp[\\/]utils[\\/]menuManagement[\\/]ProcessInternalClasses\.java" checks="."/>
    <suppress files="src[\\/]main[\\/]java[\\/]edu[\\/]cornell[\\/]mannlib[\\/]vitro[\\/]webapp[\\/]utils[\\/]menuManagement[\\/]VIVOMenuManagementDataUtils\.java" checks="."/>
    <suppress files="src[\\/]main[\\/]java[\\/]edu[\\/]cornell[\\/]mannlib[\\/]vitro[\\/]webapp[\\/]visualization[\\/]capabilitymap[\\/]CapabilityMapRequestHandler\.java" checks="."/>
    <suppress files="src[\\/]main[\\/]java[\\/]edu[\\/]cornell[\\/]mannlib[\\/]vitro[\\/]webapp[\\/]visualization[\\/]capabilitymap[\\/]CapabilityMapResponse\.java" checks="."/>
    <suppress files="src[\\/]main[\\/]java[\\/]edu[\\/]cornell[\\/]mannlib[\\/]vitro[\\/]webapp[\\/]visualization[\\/]capabilitymap[\\/]CapabilityMapResult\.java" checks="."/>
    <suppress files="src[\\/]main[\\/]java[\\/]edu[\\/]cornell[\\/]mannlib[\\/]vitro[\\/]webapp[\\/]visualization[\\/]coauthorship[\\/]CoAuthorshipGraphMLWriter\.java" checks="."/>
    <suppress files="src[\\/]main[\\/]java[\\/]edu[\\/]cornell[\\/]mannlib[\\/]vitro[\\/]webapp[\\/]visualization[\\/]coauthorship[\\/]CoAuthorshipQueryRunner\.java" checks="."/>
    <suppress files="src[\\/]main[\\/]java[\\/]edu[\\/]cornell[\\/]mannlib[\\/]vitro[\\/]webapp[\\/]visualization[\\/]coauthorship[\\/]CoAuthorshipRequestHandler\.java" checks="."/>
    <suppress files="src[\\/]main[\\/]java[\\/]edu[\\/]cornell[\\/]mannlib[\\/]vitro[\\/]webapp[\\/]visualization[\\/]coauthorship[\\/]CoAuthorshipVisCodeGenerator\.java" checks="."/>
    <suppress files="src[\\/]main[\\/]java[\\/]edu[\\/]cornell[\\/]mannlib[\\/]vitro[\\/]webapp[\\/]visualization[\\/]collaborationutils[\\/]CoAuthorshipData\.java" checks="."/>
    <suppress files="src[\\/]main[\\/]java[\\/]edu[\\/]cornell[\\/]mannlib[\\/]vitro[\\/]webapp[\\/]visualization[\\/]collaborationutils[\\/]CoInvestigationData\.java" checks="."/>
    <suppress files="src[\\/]main[\\/]java[\\/]edu[\\/]cornell[\\/]mannlib[\\/]vitro[\\/]webapp[\\/]visualization[\\/]collaborationutils[\\/]CollaborationComparator\.java" checks="."/>
    <suppress files="src[\\/]main[\\/]java[\\/]edu[\\/]cornell[\\/]mannlib[\\/]vitro[\\/]webapp[\\/]visualization[\\/]collaborationutils[\\/]CollaborationData\.java" checks="."/>
    <suppress files="src[\\/]main[\\/]java[\\/]edu[\\/]cornell[\\/]mannlib[\\/]vitro[\\/]webapp[\\/]visualization[\\/]collaborationutils[\\/]CollaboratorComparator\.java" checks="."/>
    <suppress files="src[\\/]main[\\/]java[\\/]edu[\\/]cornell[\\/]mannlib[\\/]vitro[\\/]webapp[\\/]visualization[\\/]constants[\\/]MapOfScienceConstants\.java" checks="."/>
    <suppress files="src[\\/]main[\\/]java[\\/]edu[\\/]cornell[\\/]mannlib[\\/]vitro[\\/]webapp[\\/]visualization[\\/]constants[\\/]QueryConstants\.java" checks="."/>
    <suppress files="src[\\/]main[\\/]java[\\/]edu[\\/]cornell[\\/]mannlib[\\/]vitro[\\/]webapp[\\/]visualization[\\/]constants[\\/]QueryFieldLabels\.java" checks="."/>
    <suppress files="src[\\/]main[\\/]java[\\/]edu[\\/]cornell[\\/]mannlib[\\/]vitro[\\/]webapp[\\/]visualization[\\/]constants[\\/]VisConstants\.java" checks="."/>
    <suppress files="src[\\/]main[\\/]java[\\/]edu[\\/]cornell[\\/]mannlib[\\/]vitro[\\/]webapp[\\/]visualization[\\/]constants[\\/]VOConstants\.java" checks="."/>
    <suppress files="src[\\/]main[\\/]java[\\/]edu[\\/]cornell[\\/]mannlib[\\/]vitro[\\/]webapp[\\/]visualization[\\/]coprincipalinvestigator[\\/]CoPIGrantCountConstructQueryRunner\.java" checks="."/>
    <suppress files="src[\\/]main[\\/]java[\\/]edu[\\/]cornell[\\/]mannlib[\\/]vitro[\\/]webapp[\\/]visualization[\\/]coprincipalinvestigator[\\/]CoPIGrantCountQueryRunner\.java" checks="."/>
    <suppress files="src[\\/]main[\\/]java[\\/]edu[\\/]cornell[\\/]mannlib[\\/]vitro[\\/]webapp[\\/]visualization[\\/]coprincipalinvestigator[\\/]CoPIGrantCountRequestHandler\.java" checks="."/>
    <suppress files="src[\\/]main[\\/]java[\\/]edu[\\/]cornell[\\/]mannlib[\\/]vitro[\\/]webapp[\\/]visualization[\\/]coprincipalinvestigator[\\/]CoPIGraphMLWriter\.java" checks="."/>
    <suppress files="src[\\/]main[\\/]java[\\/]edu[\\/]cornell[\\/]mannlib[\\/]vitro[\\/]webapp[\\/]visualization[\\/]coprincipalinvestigator[\\/]CoPIVisCodeGenerator\.java" checks="."/>
    <suppress files="src[\\/]main[\\/]java[\\/]edu[\\/]cornell[\\/]mannlib[\\/]vitro[\\/]webapp[\\/]visualization[\\/]exceptions[\\/]DocumentFieldNotFoundException\.java" checks="."/>
    <suppress files="src[\\/]main[\\/]java[\\/]edu[\\/]cornell[\\/]mannlib[\\/]vitro[\\/]webapp[\\/]visualization[\\/]exceptions[\\/]IllegalConstructedModelIdentifierException\.java" checks="."/>
    <suppress files="src[\\/]main[\\/]java[\\/]edu[\\/]cornell[\\/]mannlib[\\/]vitro[\\/]webapp[\\/]visualization[\\/]exceptions[\\/]MalformedQueryParametersException\.java" checks="."/>
    <suppress files="src[\\/]main[\\/]java[\\/]edu[\\/]cornell[\\/]mannlib[\\/]vitro[\\/]webapp[\\/]visualization[\\/]mapofscience[\\/]MapOfScienceVisualizationRequestHandler\.java" checks="."/>
    <suppress files="src[\\/]main[\\/]java[\\/]edu[\\/]cornell[\\/]mannlib[\\/]vitro[\\/]webapp[\\/]visualization[\\/]model[\\/]ConceptLabelMap\.java" checks="."/>
    <suppress files="src[\\/]main[\\/]java[\\/]edu[\\/]cornell[\\/]mannlib[\\/]vitro[\\/]webapp[\\/]visualization[\\/]model[\\/]ConceptPeopleMap\.java" checks="."/>
    <suppress files="src[\\/]main[\\/]java[\\/]edu[\\/]cornell[\\/]mannlib[\\/]vitro[\\/]webapp[\\/]visualization[\\/]model[\\/]OrganizationPeopleMap\.java" checks="."/>
    <suppress files="src[\\/]main[\\/]java[\\/]edu[\\/]cornell[\\/]mannlib[\\/]vitro[\\/]webapp[\\/]visualization[\\/]model[\\/]Person\.java" checks="."/>
    <suppress files="src[\\/]main[\\/]java[\\/]edu[\\/]cornell[\\/]mannlib[\\/]vitro[\\/]webapp[\\/]visualization[\\/]modelconstructor[\\/]ModelConstructorRequestHandler\.java" checks="."/>
    <suppress files="src[\\/]main[\\/]java[\\/]edu[\\/]cornell[\\/]mannlib[\\/]vitro[\\/]webapp[\\/]visualization[\\/]modelconstructor[\\/]ModelConstructorUtilities\.java" checks="."/>
    <suppress files="src[\\/]main[\\/]java[\\/]edu[\\/]cornell[\\/]mannlib[\\/]vitro[\\/]webapp[\\/]visualization[\\/]modelconstructor[\\/]PersonToGrantsModelConstructor\.java" checks="."/>
    <suppress files="src[\\/]main[\\/]java[\\/]edu[\\/]cornell[\\/]mannlib[\\/]vitro[\\/]webapp[\\/]visualization[\\/]modelconstructor[\\/]factory[\\/]ModelFactoryInterface\.java" checks="."/>
    <suppress files="src[\\/]main[\\/]java[\\/]edu[\\/]cornell[\\/]mannlib[\\/]vitro[\\/]webapp[\\/]visualization[\\/]persongrantcount[\\/]PersonGrantCountQueryRunner\.java" checks="."/>
    <suppress files="src[\\/]main[\\/]java[\\/]edu[\\/]cornell[\\/]mannlib[\\/]vitro[\\/]webapp[\\/]visualization[\\/]persongrantcount[\\/]PersonGrantCountRequestHandler\.java" checks="."/>
    <suppress files="src[\\/]main[\\/]java[\\/]edu[\\/]cornell[\\/]mannlib[\\/]vitro[\\/]webapp[\\/]visualization[\\/]persongrantcount[\\/]PersonGrantCountVisCodeGenerator\.java" checks="."/>
    <suppress files="src[\\/]main[\\/]java[\\/]edu[\\/]cornell[\\/]mannlib[\\/]vitro[\\/]webapp[\\/]visualization[\\/]personlevel[\\/]PersonLevelRequestHandler\.java" checks="."/>
    <suppress files="src[\\/]main[\\/]java[\\/]edu[\\/]cornell[\\/]mannlib[\\/]vitro[\\/]webapp[\\/]visualization[\\/]personpubcount[\\/]CumulativeCountRequestHandler\.java" checks="."/>
    <suppress files="src[\\/]main[\\/]java[\\/]edu[\\/]cornell[\\/]mannlib[\\/]vitro[\\/]webapp[\\/]visualization[\\/]personpubcount[\\/]PersonPublicationCountQueryRunner\.java" checks="."/>
    <suppress files="src[\\/]main[\\/]java[\\/]edu[\\/]cornell[\\/]mannlib[\\/]vitro[\\/]webapp[\\/]visualization[\\/]personpubcount[\\/]PersonPublicationCountRequestHandler\.java" checks="."/>
    <suppress files="src[\\/]main[\\/]java[\\/]edu[\\/]cornell[\\/]mannlib[\\/]vitro[\\/]webapp[\\/]visualization[\\/]personpubcount[\\/]PersonPublicationCountVisCodeGenerator\.java" checks="."/>
    <suppress files="src[\\/]main[\\/]java[\\/]edu[\\/]cornell[\\/]mannlib[\\/]vitro[\\/]webapp[\\/]visualization[\\/]setup[\\/]VisualizationSetup\.java" checks="."/>
    <suppress files="src[\\/]main[\\/]java[\\/]edu[\\/]cornell[\\/]mannlib[\\/]vitro[\\/]webapp[\\/]visualization[\\/]temporalgraph[\\/]OrganizationUtilityFunctions\.java" checks="."/>
    <suppress files="src[\\/]main[\\/]java[\\/]edu[\\/]cornell[\\/]mannlib[\\/]vitro[\\/]webapp[\\/]visualization[\\/]temporalgraph[\\/]TemporalGrantVisualizationRequestHandler\.java" checks="."/>
    <suppress files="src[\\/]main[\\/]java[\\/]edu[\\/]cornell[\\/]mannlib[\\/]vitro[\\/]webapp[\\/]visualization[\\/]temporalgraph[\\/]TemporalPublicationVisualizationRequestHandler\.java" checks="."/>
    <suppress files="src[\\/]main[\\/]java[\\/]edu[\\/]cornell[\\/]mannlib[\\/]vitro[\\/]webapp[\\/]visualization[\\/]tools[\\/]ToolsRequestHandler\.java" checks="."/>
    <suppress files="src[\\/]main[\\/]java[\\/]edu[\\/]cornell[\\/]mannlib[\\/]vitro[\\/]webapp[\\/]visualization[\\/]utilities[\\/]CachingRDFServiceExecutor\.java" checks="."/>
    <suppress files="src[\\/]main[\\/]java[\\/]edu[\\/]cornell[\\/]mannlib[\\/]vitro[\\/]webapp[\\/]visualization[\\/]utilities[\\/]CounterUtils\.java" checks="."/>
    <suppress files="src[\\/]main[\\/]java[\\/]edu[\\/]cornell[\\/]mannlib[\\/]vitro[\\/]webapp[\\/]visualization[\\/]utilities[\\/]OrgUtils\.java" checks="."/>
    <suppress files="src[\\/]main[\\/]java[\\/]edu[\\/]cornell[\\/]mannlib[\\/]vitro[\\/]webapp[\\/]visualization[\\/]utilities[\\/]PersonPublicationMaps\.java" checks="."/>
    <suppress files="src[\\/]main[\\/]java[\\/]edu[\\/]cornell[\\/]mannlib[\\/]vitro[\\/]webapp[\\/]visualization[\\/]utilities[\\/]UtilitiesRequestHandler\.java" checks="."/>
    <suppress files="src[\\/]main[\\/]java[\\/]edu[\\/]cornell[\\/]mannlib[\\/]vitro[\\/]webapp[\\/]visualization[\\/]utilities[\\/]VisualizationCaches\.java" checks="."/>
    <suppress files="src[\\/]main[\\/]java[\\/]edu[\\/]cornell[\\/]mannlib[\\/]vitro[\\/]webapp[\\/]visualization[\\/]valueobjects[\\/]Activity\.java" checks="."/>
    <suppress files="src[\\/]main[\\/]java[\\/]edu[\\/]cornell[\\/]mannlib[\\/]vitro[\\/]webapp[\\/]visualization[\\/]valueobjects[\\/]Collaboration\.java" checks="."/>
    <suppress files="src[\\/]main[\\/]java[\\/]edu[\\/]cornell[\\/]mannlib[\\/]vitro[\\/]webapp[\\/]visualization[\\/]valueobjects[\\/]Collaborator\.java" checks="."/>
    <suppress files="src[\\/]main[\\/]java[\\/]edu[\\/]cornell[\\/]mannlib[\\/]vitro[\\/]webapp[\\/]visualization[\\/]valueobjects[\\/]ConstructedModel\.java" checks="."/>
    <suppress files="src[\\/]main[\\/]java[\\/]edu[\\/]cornell[\\/]mannlib[\\/]vitro[\\/]webapp[\\/]visualization[\\/]valueobjects[\\/]ConstructedModelTracker\.java" checks="."/>
    <suppress files="src[\\/]main[\\/]java[\\/]edu[\\/]cornell[\\/]mannlib[\\/]vitro[\\/]webapp[\\/]visualization[\\/]valueobjects[\\/]Entity\.java" checks="."/>
    <suppress files="src[\\/]main[\\/]java[\\/]edu[\\/]cornell[\\/]mannlib[\\/]vitro[\\/]webapp[\\/]visualization[\\/]valueobjects[\\/]GenericQueryMap\.java" checks="."/>
    <suppress files="src[\\/]main[\\/]java[\\/]edu[\\/]cornell[\\/]mannlib[\\/]vitro[\\/]webapp[\\/]visualization[\\/]valueobjects[\\/]Individual\.java" checks="."/>
    <suppress files="src[\\/]main[\\/]java[\\/]edu[\\/]cornell[\\/]mannlib[\\/]vitro[\\/]webapp[\\/]visualization[\\/]valueobjects[\\/]MapOfScienceActivity\.java" checks="."/>
    <suppress files="src[\\/]main[\\/]java[\\/]edu[\\/]cornell[\\/]mannlib[\\/]vitro[\\/]webapp[\\/]visualization[\\/]valueobjects[\\/]SparklineData\.java" checks="."/>
    <suppress files="src[\\/]main[\\/]java[\\/]edu[\\/]cornell[\\/]mannlib[\\/]vitro[\\/]webapp[\\/]visualization[\\/]valueobjects[\\/]SubEntity\.java" checks="."/>
    <suppress files="src[\\/]main[\\/]java[\\/]edu[\\/]cornell[\\/]mannlib[\\/]vitro[\\/]webapp[\\/]visualization[\\/]valueobjects[\\/]YearToEntityCountDataElement\.java" checks="."/>
    <suppress files="src[\\/]main[\\/]java[\\/]edu[\\/]cornell[\\/]mannlib[\\/]vitro[\\/]webapp[\\/]visualization[\\/]valueobjects[\\/]json[\\/]JsonObject\.java" checks="."/>
    <suppress files="src[\\/]main[\\/]java[\\/]edu[\\/]cornell[\\/]mannlib[\\/]vitro[\\/]webapp[\\/]visualization[\\/]valueobjects[\\/]json[\\/]MapOfScience\.java" checks="."/>
    <suppress files="src[\\/]main[\\/]java[\\/]edu[\\/]cornell[\\/]mannlib[\\/]vitro[\\/]webapp[\\/]visualization[\\/]valueobjects[\\/]json[\\/]SubjectEntityJSON\.java" checks="."/>
    <suppress files="src[\\/]main[\\/]java[\\/]edu[\\/]cornell[\\/]mannlib[\\/]vitro[\\/]webapp[\\/]visualization[\\/]visutils[\\/]AllPropertiesQueryRunner\.java" checks="."/>
    <suppress files="src[\\/]main[\\/]java[\\/]edu[\\/]cornell[\\/]mannlib[\\/]vitro[\\/]webapp[\\/]visualization[\\/]visutils[\\/]CachedModelConstructor\.java" checks="."/>
    <suppress files="src[\\/]main[\\/]java[\\/]edu[\\/]cornell[\\/]mannlib[\\/]vitro[\\/]webapp[\\/]visualization[\\/]visutils[\\/]CollaborationDataViewHelper\.java" checks="."/>
    <suppress files="src[\\/]main[\\/]java[\\/]edu[\\/]cornell[\\/]mannlib[\\/]vitro[\\/]webapp[\\/]visualization[\\/]visutils[\\/]CustomLock\.java" checks="."/>
    <suppress files="src[\\/]main[\\/]java[\\/]edu[\\/]cornell[\\/]mannlib[\\/]vitro[\\/]webapp[\\/]visualization[\\/]visutils[\\/]GenericQueryRunner\.java" checks="."/>
    <suppress files="src[\\/]main[\\/]java[\\/]edu[\\/]cornell[\\/]mannlib[\\/]vitro[\\/]webapp[\\/]visualization[\\/]visutils[\\/]GenericQueryRunnerOnModel\.java" checks="."/>
    <suppress files="src[\\/]main[\\/]java[\\/]edu[\\/]cornell[\\/]mannlib[\\/]vitro[\\/]webapp[\\/]visualization[\\/]visutils[\\/]ModelConstructor\.java" checks="."/>
    <suppress files="src[\\/]main[\\/]java[\\/]edu[\\/]cornell[\\/]mannlib[\\/]vitro[\\/]webapp[\\/]visualization[\\/]visutils[\\/]PDFDocument\.java" checks="."/>
    <suppress files="src[\\/]main[\\/]java[\\/]edu[\\/]cornell[\\/]mannlib[\\/]vitro[\\/]webapp[\\/]visualization[\\/]visutils[\\/]QueryRunner\.java" checks="."/>
    <suppress files="src[\\/]main[\\/]java[\\/]edu[\\/]cornell[\\/]mannlib[\\/]vitro[\\/]webapp[\\/]visualization[\\/]visutils[\\/]UniqueIDGenerator\.java" checks="."/>
    <suppress files="src[\\/]main[\\/]java[\\/]edu[\\/]cornell[\\/]mannlib[\\/]vitro[\\/]webapp[\\/]visualization[\\/]visutils[\\/]UtilityFunctions\.java" checks="."/>
    <suppress files="src[\\/]main[\\/]java[\\/]edu[\\/]cornell[\\/]mannlib[\\/]vitro[\\/]webapp[\\/]visualization[\\/]visutils[\\/]VisualizationRequestHandler\.java" checks="."/>
    <suppress files="src[\\/]main[\\/]java[\\/]edu[\\/]cornell[\\/]mannlib[\\/]vitro[\\/]webapp[\\/]web[\\/]templatemodels[\\/]individual[\\/]VIVOIndividualTemplateModel\.java" checks="."/>
    <suppress files="src[\\/]main[\\/]java[\\/]edu[\\/]cornell[\\/]mannlib[\\/]vitro[\\/]webapp[\\/]web[\\/]templatemodels[\\/]individual[\\/]VIVOIndividualTemplateModelBuilder\.java" checks="."/>
    <suppress files="src[\\/]main[\\/]java[\\/]edu[\\/]cornell[\\/]mannlib[\\/]vitro[\\/]webapp[\\/]web[\\/]templatemodels[\\/]individuallist[\\/]VIVOListedIndividual\.java" checks="."/>
    <suppress files="src[\\/]main[\\/]java[\\/]edu[\\/]cornell[\\/]mannlib[\\/]vitro[\\/]webapp[\\/]web[\\/]templatemodels[\\/]individuallist[\\/]VIVOListedIndividualBuilder\.java" checks="."/>
    <suppress files="src[\\/]main[\\/]java[\\/]edu[\\/]cornell[\\/]mannlib[\\/]vitro[\\/]webapp[\\/]web[\\/]templatemodels[\\/]searchresult[\\/]VIVOIndividualSearchResult\.java" checks="."/>
    <suppress files="src[\\/]main[\\/]java[\\/]edu[\\/]cornell[\\/]mannlib[\\/]vivo[\\/]auth[\\/]policy[\\/]AdvisingRelationshipChecker\.java" checks="."/>
    <suppress files="src[\\/]main[\\/]java[\\/]edu[\\/]cornell[\\/]mannlib[\\/]vivo[\\/]auth[\\/]policy[\\/]CourseChecker\.java" checks="."/>
    <suppress files="src[\\/]main[\\/]java[\\/]edu[\\/]cornell[\\/]mannlib[\\/]vivo[\\/]auth[\\/]policy[\\/]GrantChecker\.java" checks="."/>
    <suppress files="src[\\/]main[\\/]java[\\/]edu[\\/]cornell[\\/]mannlib[\\/]vivo[\\/]auth[\\/]policy[\\/]InfoContentEntityChecker\.java" checks="."/>
    <suppress files="src[\\/]main[\\/]java[\\/]edu[\\/]cornell[\\/]mannlib[\\/]vivo[\\/]auth[\\/]policy[\\/]PresentationChecker\.java" checks="."/>
    <suppress files="src[\\/]main[\\/]java[\\/]edu[\\/]cornell[\\/]mannlib[\\/]vivo[\\/]auth[\\/]policy[\\/]ProjectOrServiceChecker\.java" checks="."/>
    <suppress files="src[\\/]main[\\/]java[\\/]edu[\\/]cornell[\\/]mannlib[\\/]vivo[\\/]auth[\\/]policy[\\/]SelfEditorRelationshipPolicy\.java" checks="."/>
    <suppress files="src[\\/]main[\\/]java[\\/]edu[\\/]cornell[\\/]mannlib[\\/]vivo[\\/]orcid[\\/]OrcidContextSetup\.java" checks="."/>
    <suppress files="src[\\/]main[\\/]java[\\/]edu[\\/]cornell[\\/]mannlib[\\/]vivo[\\/]orcid[\\/]OrcidIdDataGetter\.java" checks="."/>
    <suppress files="src[\\/]main[\\/]java[\\/]edu[\\/]cornell[\\/]mannlib[\\/]vivo[\\/]orcid[\\/]controller[\\/]OrcidAbstractHandler\.java" checks="."/>
    <suppress files="src[\\/]main[\\/]java[\\/]edu[\\/]cornell[\\/]mannlib[\\/]vivo[\\/]orcid[\\/]controller[\\/]OrcidAddExternalIdHandler\.java" checks="."/>
    <suppress files="src[\\/]main[\\/]java[\\/]edu[\\/]cornell[\\/]mannlib[\\/]vivo[\\/]orcid[\\/]controller[\\/]OrcidAuthAuthenticateHandler\.java" checks="."/>
    <suppress files="src[\\/]main[\\/]java[\\/]edu[\\/]cornell[\\/]mannlib[\\/]vivo[\\/]orcid[\\/]controller[\\/]OrcidAuthExternalIdsHandler\.java" checks="."/>
    <suppress files="src[\\/]main[\\/]java[\\/]edu[\\/]cornell[\\/]mannlib[\\/]vivo[\\/]orcid[\\/]controller[\\/]OrcidCallbackHandler\.java" checks="."/>
    <suppress files="src[\\/]main[\\/]java[\\/]edu[\\/]cornell[\\/]mannlib[\\/]vivo[\\/]orcid[\\/]controller[\\/]OrcidConfirmationState\.java" checks="."/>
    <suppress files="src[\\/]main[\\/]java[\\/]edu[\\/]cornell[\\/]mannlib[\\/]vivo[\\/]orcid[\\/]controller[\\/]OrcidDefaultHandler\.java" checks="."/>
    <suppress files="src[\\/]main[\\/]java[\\/]edu[\\/]cornell[\\/]mannlib[\\/]vivo[\\/]orcid[\\/]controller[\\/]OrcidIllegalStateException\.java" checks="."/>
    <suppress files="src[\\/]main[\\/]java[\\/]edu[\\/]cornell[\\/]mannlib[\\/]vivo[\\/]orcid[\\/]controller[\\/]OrcidIntegrationController\.java" checks="."/>
    <suppress files="src[\\/]main[\\/]java[\\/]edu[\\/]cornell[\\/]mannlib[\\/]vivo[\\/]orcid[\\/]controller[\\/]OrcidReadProfileHandler\.java" checks="."/>
    <suppress files="src[\\/]main[\\/]java[\\/]org[\\/]vivoweb[\\/]reasoner[\\/]plugin[\\/]DCCreatorForDocuments\.java" checks="."/>
    <suppress files="src[\\/]main[\\/]java[\\/]org[\\/]vivoweb[\\/]reasoner[\\/]plugin[\\/]DCTitleForDocuments\.java" checks="."/>
    <suppress files="src[\\/]main[\\/]java[\\/]org[\\/]vivoweb[\\/]webapp[\\/]controller[\\/]freemarker[\\/]CreateAndLinkResourceController\.java" checks="."/>
    <suppress files="src[\\/]main[\\/]java[\\/]org[\\/]vivoweb[\\/]webapp[\\/]createandlink[\\/]Citation\.java" checks="."/>
    <suppress files="src[\\/]main[\\/]java[\\/]org[\\/]vivoweb[\\/]webapp[\\/]createandlink[\\/]CiteprocJSONModel\.java" checks="."/>
    <suppress files="src[\\/]main[\\/]java[\\/]org[\\/]vivoweb[\\/]webapp[\\/]createandlink[\\/]ContributorRole\.java" checks="."/>
    <suppress files="src[\\/]main[\\/]java[\\/]org[\\/]vivoweb[\\/]webapp[\\/]createandlink[\\/]CreateAndLinkResourceProvider\.java" checks="."/>
    <suppress files="src[\\/]main[\\/]java[\\/]org[\\/]vivoweb[\\/]webapp[\\/]createandlink[\\/]CreateAndLinkUtils\.java" checks="."/>
    <suppress files="src[\\/]main[\\/]java[\\/]org[\\/]vivoweb[\\/]webapp[\\/]createandlink[\\/]ExternalIdentifiers\.java" checks="."/>
    <suppress files="src[\\/]main[\\/]java[\\/]org[\\/]vivoweb[\\/]webapp[\\/]createandlink[\\/]ResourceModel\.java" checks="."/>
    <suppress files="src[\\/]main[\\/]java[\\/]org[\\/]vivoweb[\\/]webapp[\\/]createandlink[\\/]crossref[\\/]CrossrefCiteprocJSONModel\.java" checks="."/>
    <suppress files="src[\\/]main[\\/]java[\\/]org[\\/]vivoweb[\\/]webapp[\\/]createandlink[\\/]crossref[\\/]CrossrefCreateAndLinkResourceProvider\.java" checks="."/>
    <suppress files="src[\\/]main[\\/]java[\\/]org[\\/]vivoweb[\\/]webapp[\\/]createandlink[\\/]crossref[\\/]CrossrefNativeAPI\.java" checks="."/>
    <suppress files="src[\\/]main[\\/]java[\\/]org[\\/]vivoweb[\\/]webapp[\\/]createandlink[\\/]crossref[\\/]CrossrefResolverAPI\.java" checks="."/>
    <suppress files="src[\\/]main[\\/]java[\\/]org[\\/]vivoweb[\\/]webapp[\\/]createandlink[\\/]pubmed[\\/]PubMedCreateAndLinkResourceProvider\.java" checks="."/>
    <suppress files="src[\\/]main[\\/]java[\\/]org[\\/]vivoweb[\\/]webapp[\\/]createandlink[\\/]utils[\\/]HttpReader\.java" checks="."/>
    <suppress files="src[\\/]main[\\/]java[\\/]org[\\/]vivoweb[\\/]webapp[\\/]createandlink[\\/]utils[\\/]StringArrayDeserializer\.java" checks="."/>
    <suppress files="src[\\/]main[\\/]java[\\/]org[\\/]vivoweb[\\/]webapp[\\/]sitemap[\\/]SiteMapServlet\.java" checks="."/>
    <suppress files="src[\\/]main[\\/]java[\\/]org[\\/]vivoweb[\\/]webapp[\\/]startup[\\/]DataGetterN3Setup\.java" checks="."/>
    <suppress files="src[\\/]main[\\/]java[\\/]org[\\/]vivoweb[\\/]webapp[\\/]startup[\\/]GeneratorSetup\.java" checks="."/>
    <suppress files="src[\\/]main[\\/]java[\\/]org[\\/]vivoweb[\\/]webapp[\\/]startup[\\/]i18nSetup\.java" checks="."/>
    <suppress files="src[\\/]main[\\/]java[\\/]org[\\/]vivoweb[\\/]webapp[\\/]startup[\\/]JSONWrapperSetup\.java" checks="."/>
    <suppress files="src[\\/]main[\\/]java[\\/]org[\\/]vivoweb[\\/]webapp[\\/]startup[\\/]MenuManagementSetup\.java" checks="."/>
    <suppress files="src[\\/]main[\\/]java[\\/]org[\\/]vivoweb[\\/]webapp[\\/]startup[\\/]SearchResultTemplateModelSetup\.java" checks="."/>
    <suppress files="src[\\/]main[\\/]java[\\/]org[\\/]vivoweb[\\/]webapp[\\/]startup[\\/]SiteAdminSetup\.java" checks="."/>
    <suppress files="src[\\/]main[\\/]java[\\/]org[\\/]vivoweb[\\/]webapp[\\/]startup[\\/]TemplateModelSetup\.java" checks="."/>
    <suppress files="src[\\/]main[\\/]java[\\/]org[\\/]vivoweb[\\/]webapp[\\/]util[\\/]ModelUtils\.java" checks="."/>
    <suppress files="src[\\/]test[\\/]java[\\/]edu[\\/]cornell[\\/]mannlib[\\/]semservices[\\/]service[\\/]impl[\\/]UMLSServiceTest\.java" checks="."/>
    <suppress files="src[\\/]test[\\/]java[\\/]edu[\\/]cornell[\\/]mannlib[\\/]vitro[\\/]webapp[\\/]searchindex[\\/]extensions[\\/]LabelsAcrossContextNodesTest\.java" checks="."/>
    <suppress files="src[\\/]test[\\/]java[\\/]edu[\\/]cornell[\\/]mannlib[\\/]vivo[\\/]auth[\\/]policy[\\/]SelfEditorRelationshipPolicyTest\.java" checks="."/>
    <suppress files="src[\\/]test[\\/]java[\\/]org[\\/]vivoweb[\\/]vivo[\\/]selenium[\\/]DriverFactory\.java" checks="."/>
    <suppress files="src[\\/]test[\\/]java[\\/]org[\\/]vivoweb[\\/]vivo[\\/]selenium[\\/]SeleniumUtils\.java" checks="."/>
    <suppress files="src[\\/]test[\\/]java[\\/]org[\\/]vivoweb[\\/]vivo[\\/]selenium[\\/]VIVOAppTester\.java" checks="."/>
    <suppress files="src[\\/]test[\\/]java[\\/]org[\\/]vivoweb[\\/]vivo[\\/]selenium[\\/]VIVOSuite\.java" checks="."/>
    <suppress files="src[\\/]test[\\/]java[\\/]org[\\/]vivoweb[\\/]vivo[\\/]selenium[\\/]WebAppTester\.java" checks="."/>
    <suppress files="src[\\/]test[\\/]java[\\/]org[\\/]vivoweb[\\/]vivo[\\/]selenium[\\/]suites[\\/]AddNonPersonThings\.java" checks="."/>
    <suppress files="src[\\/]test[\\/]java[\\/]org[\\/]vivoweb[\\/]vivo[\\/]selenium[\\/]tests[\\/]CheckBrowseOptions\.java" checks="."/>
    <suppress files="src[\\/]test[\\/]java[\\/]org[\\/]vivoweb[\\/]vivo[\\/]selenium[\\/]tests[\\/]CheckIndexView\.java" checks="."/>
    <suppress files="src[\\/]test[\\/]java[\\/]org[\\/]vivoweb[\\/]vivo[\\/]selenium[\\/]tests[\\/]CheckPublicView\.java" checks="."/>
    <suppress files="src[\\/]test[\\/]java[\\/]org[\\/]vivoweb[\\/]vivo[\\/]selenium[\\/]tests[\\/]CreateActivity\.java" checks="."/>
    <suppress files="src[\\/]test[\\/]java[\\/]org[\\/]vivoweb[\\/]vivo[\\/]selenium[\\/]tests[\\/]CreateCourses\.java" checks="."/>
    <suppress files="src[\\/]test[\\/]java[\\/]org[\\/]vivoweb[\\/]vivo[\\/]selenium[\\/]tests[\\/]CreateEquipment\.java" checks="."/>
    <suppress files="src[\\/]test[\\/]java[\\/]org[\\/]vivoweb[\\/]vivo[\\/]selenium[\\/]tests[\\/]CreateEvent\.java" checks="."/>
    <suppress files="src[\\/]test[\\/]java[\\/]org[\\/]vivoweb[\\/]vivo[\\/]selenium[\\/]tests[\\/]CreateLocation\.java" checks="."/>
    <suppress files="src[\\/]test[\\/]java[\\/]org[\\/]vivoweb[\\/]vivo[\\/]selenium[\\/]tests[\\/]CreateOrganization\.java" checks="."/>
    <suppress files="src[\\/]test[\\/]java[\\/]org[\\/]vivoweb[\\/]vivo[\\/]selenium[\\/]tests[\\/]CreateTopic\.java" checks="."/>
    <suppress files="src[\\/]test[\\/]java[\\/]org[\\/]vivoweb[\\/]vivo[\\/]selenium[\\/]tests[\\/]DeleteActivities\.java" checks="."/>
    <suppress files="src[\\/]test[\\/]java[\\/]org[\\/]vivoweb[\\/]vivo[\\/]selenium[\\/]tests[\\/]DeleteCourses\.java" checks="."/>
    <suppress files="src[\\/]test[\\/]java[\\/]org[\\/]vivoweb[\\/]vivo[\\/]selenium[\\/]tests[\\/]DeleteEquipment\.java" checks="."/>
    <suppress files="src[\\/]test[\\/]java[\\/]org[\\/]vivoweb[\\/]vivo[\\/]selenium[\\/]tests[\\/]DeleteEvents\.java" checks="."/>
    <suppress files="src[\\/]test[\\/]java[\\/]org[\\/]vivoweb[\\/]vivo[\\/]selenium[\\/]tests[\\/]DeleteLocations\.java" checks="."/>
    <suppress files="src[\\/]test[\\/]java[\\/]org[\\/]vivoweb[\\/]vivo[\\/]selenium[\\/]tests[\\/]DeleteOrganization\.java" checks="."/>
    <suppress files="src[\\/]test[\\/]java[\\/]org[\\/]vivoweb[\\/]vivo[\\/]selenium[\\/]tests[\\/]DeleteResearch\.java" checks="."/>
    <suppress files="src[\\/]test[\\/]java[\\/]org[\\/]vivoweb[\\/]vivo[\\/]selenium[\\/]tests[\\/]RebuildSearchIndex\.java" checks="."/>
    <suppress files="src[\\/]test[\\/]java[\\/]org[\\/]vivoweb[\\/]vivo[\\/]selenium[\\/]tests[\\/]TestMenuManagement\.java" checks="."/>
    <suppress files="src[\\/]test[\\/]java[\\/]org[\\/]vivoweb[\\/]vivo[\\/]selenium[\\/]tests[\\/]VerifyAllThingsSearchable\.java" checks="."/>
</suppressions>