<assembly xmlns="http://maven.apache.org/plugins/maven-assembly-plugin/assembly/1.1.3"
          xmlns:xsi="http://www.w3.org/2001/XMLSchema-instance"
          xsi:schemaLocation="http://maven.apache.org/plugins/maven-assembly-plugin/assembly/1.1.3 http://maven.apache.org/xsd/assembly-1.1.3.xsd">
    <id>home</id>
    <formats>
        <format>dir</format>
    </formats>
    <includeBaseDirectory>false</includeBaseDirectory>
    <dependencySets>
        <dependencySet>
            <outputDirectory>.</outputDirectory>
            <unpack>true</unpack>
        </dependencySet>
    </dependencySets>
    <fileSets>
        <fileSet>
            <directory>${project.basedir}/src/main/resources</directory>
            <outputDirectory>.</outputDirectory>
            <filtered>true</filtered>
        </fileSet>
    </fileSets>
</assembly>
